Date,Plant Energy (kWh),Plant Power (kW),Plant Insolation  (kWh/m2),Plant Irradiance  (W/m2),Plant Irradiance (Horizontal) (W/m2),Plant Temperature (Ambient) (ºC),Plant Temperature (Panel) (ºC)
01-01-20 01:00,0,-51.92,0,-2.05,-1.8,24.51,22.29
01-01-20 02:00,0,-52.39,0,-2.07,-2.07,25.22,23.31
01-01-20 03:00,0,-51.64,0,-2.58,-2.54,24.67,22.65
01-01-20 04:00,0,-51.11,0,-2.4,-2.37,23.79,21.64
01-01-20 05:00,0,-51.01,0,-2,-1.92,23.35,21.64
01-01-20 06:00,0,-51.53,0,-2,-2,22.48,20.91
01-01-20 07:00,0,-51.32,0,-2,-2,21.82,20.18
01-01-20 08:00,61,21.38,0,4.88,4.81,21.29,19.74
01-01-20 09:00,714,716.22,0.09,88.71,83.5,21.37,21.12
01-01-20 10:00,198,196.6,0.3,296.59,261.88,22.06,25.28
01-01-20 11:00,0,0,0.62,616.65,545.41,24.32,34.02
01-01-20 12:00,4870,4850.05,0.8,799.59,722.81,26.29,38.71
01-01-20 13:00,0,0,0.68,904.37,904.37,28.17,45.4
01-01-20 14:00,0,0,0.81,800.27,840.37,31.92,49.71
01-01-20 15:00,2146,2109.22,0.64,616.65,757.93,31.92,49.71
01-01-20 16:00,11498,11508.56,0.68,681.32,649.13,31.83,44.9
01-01-20 17:00,7152,7148.94,0.4,399.89,389.92,31.62,39.15
01-01-20 18:00,4029,4034.36,0.23,233.27,227.94,30.96,34.7
01-01-20 19:00,490,475.78,0.03,31.52,30.84,29.09,27.12
01-01-20 20:00,0,-74.2,0,-4.95,-5.13,25.55,21.8
01-01-20 21:00,0,-50.58,0,-3.33,-3.44,22.76,19.73
01-01-20 22:00,0,-50.36,0,-2.73,-2.69,22.51,19.63
01-01-20 23:00,0,-50.6,0,-2,-1.91,23.41,21.14
02-01-20 00:00,0,-50.64,0,-1.75,-1.71,23.6,21.63
02-01-20 01:00,0,-50.67,0,-2,-1.98,23.6,21.85
02-01-20 02:00,0,-50.55,0,-2.02,-1.98,23.11,21.16
02-01-20 03:00,0,-50.17,0,-2.27,-2.26,22.81,20.84
02-01-20 04:00,0,-50.01,0,-3,-2.99,22.05,19.62
02-01-20 05:00,0,-49.75,0,-2.96,-2.81,21.35,18.99
02-01-20 06:00,0,-50.47,0,-1.73,-1.72,21.02,19.24
02-01-20 07:00,0,-50.13,0,-1.36,-1.4,21.12,19.87
02-01-20 08:00,142,107.46,0.01,11.55,10.67,20.6,19.31
02-01-20 09:00,2189,2190.52,0.14,144.48,128.55,20.91,21.48
02-01-20 10:00,6951,6948.05,0.41,408.48,360.97,22.6,27.34
02-01-20 11:00,9675,9681.3,0.53,534.93,483.87,24.07,31.17
02-01-20 12:00,13150,13150.69,0.72,720.04,658.4,26.36,37.5
02-01-20 13:00,12618,12620.74,0.68,681.74,649.27,27.5,38.54
02-01-20 14:00,14832,14845.63,0.79,794.86,763.19,29.21,46.02
02-01-20 15:00,12135,12132.28,0.64,644.58,619.91,30.05,45.66
02-01-20 16:00,9702,9710.87,0.51,512.41,493.22,30.37,43.65
02-01-20 17:00,6875,6875.29,0.35,354.25,345.58,27.57,33.96
02-01-20 18:00,2659,2662.41,0.14,140.93,140.24,25.78,27.45
02-01-20 19:00,500,478.71,0.03,29.36,29.11,24.26,23.1
02-01-20 20:00,0,-76.64,0,-3.11,-3.26,22.45,19.81
02-01-20 21:00,0,-49.8,0,-3,-2.78,22.26,19.57
02-01-20 22:00,0,-49.53,0,-2.23,-2.14,22.44,20.06
02-01-20 23:00,0,-50.19,0,-1.53,-1.42,23.29,21.73
03-01-20 00:00,0,-50.95,0,-1.6,-1.52,23.59,22.16
03-01-20 01:00,0,-50.57,0,-1.93,-1.83,23.79,22.27
03-01-20 02:00,0,-51.24,0,-2,-1.92,23.51,21.91
03-01-20 03:00,0,-50.88,0,-2.17,-2.17,23.27,21.46
03-01-20 04:00,0,-50.76,0,-1.93,-1.91,22.5,20.81
03-01-20 05:00,0,-49.39,0,-1.04,-1.04,22.79,21.45
03-01-20 06:00,0,-49.16,0,-1.06,-1.06,22.78,21.58
03-01-20 07:00,0,-49.59,0,-1.25,-1.24,22.48,21.2
03-01-20 08:00,5,-39.43,0,1.07,1.09,22.36,21.27
03-01-20 09:00,820,820.83,0.05,47.56,45.86,22.8,22.65
03-01-20 10:00,1367,1365.57,0.11,106.72,103.06,22.73,23.69
03-01-20 11:00,2835,2838.85,0.23,225.04,217.52,23.85,26.68
03-01-20 12:00,7830,7822.72,0.64,621.87,588.09,26.35,36.05
03-01-20 13:00,5793,5800.67,0.46,464.95,445.69,28.18,36.48
03-01-20 14:00,5315,5312.32,0.42,421.45,415.62,28.91,36.99
03-01-20 15:00,6930,6936.1,0.55,547.15,523.63,29.58,39.84
03-01-20 16:00,6233,6232.5,0.48,480.89,448.42,30.04,41.41
03-01-20 17:00,4515,4519.37,0.34,337.28,314.04,30.16,37.9
03-01-20 18:00,1743,1742.37,0.13,133.29,129.11,29.12,30.57
03-01-20 19:00,288,275.78,0.02,24.71,24.34,27.66,26.06
03-01-20 20:00,0,-46.57,0,-2.43,-2.45,26.07,23.9
03-01-20 21:00,0,-26.75,0,-2.02,-2.13,25.09,23.17
03-01-20 22:00,0,-25.52,0,-2,-2.11,23.97,22.06
03-01-20 23:00,0,-28.06,0,-2,-2,23.32,21.44
04-01-20 00:00,0,-27.19,0,-1.38,-1.36,22.93,21.46
04-01-20 01:00,0,-27.66,0,-1.63,-1.54,23.01,21.43
04-01-20 02:00,0,-18.58,0,-1.85,-1.77,22.21,20.56
04-01-20 03:00,0,-23.13,0,-1.33,-1.25,22.25,20.86
04-01-20 04:00,0,-19.5,0,-1.57,-1.58,22.04,20.67
04-01-20 05:00,0,-19.91,0,-1.56,-1.57,21.44,19.98
04-01-20 06:00,0,-24.64,0,-2,-1.97,21.1,19.37
04-01-20 07:00,0,-24.58,0,-1.94,-1.93,20.74,18.97
04-01-20 08:00,39,20.92,0,5.59,4.8,20.28,18.7
04-01-20 09:00,1189,1189.41,0.13,129.47,101.67,20.38,20.46
04-01-20 10:00,3959,3956.98,0.39,386.35,302.51,21.73,25.53
04-01-20 11:00,6969,6974.8,0.66,661.56,510.39,23.91,32.63
04-01-20 12:00,9098,9093.98,0.83,826.24,676.7,25.9,39.15
04-01-20 13:00,9463,9470.82,0.81,811.08,722.96,27.57,43.21
04-01-20 14:00,8976,8974.18,0.75,746.74,698.44,28.53,44.16
04-01-20 15:00,9198,9204.46,0.75,749.62,684.2,29.77,46.71
04-01-20 16:00,7876,7883.92,0.62,622.62,561.25,30.36,44.36
04-01-20 17:00,5498,5496.27,0.41,406.93,377.57,30.49,39.84
04-01-20 18:00,2490,2491.34,0.18,183.37,174.97,29.88,33.11
04-01-20 19:00,310,302.7,0.02,25.96,25.04,26.89,25.53
04-01-20 20:00,0,-43.36,0,-3.07,-3.4,22.98,20.63
04-01-20 21:00,0,-26.7,0,-2.79,-3,21.83,19.59
04-01-20 22:00,0,-29.54,0,-2.07,-2.89,21.15,18.95
04-01-20 23:00,0,-29.14,0,-2.35,-2.6,20.68,18.31
05-01-20 00:00,0,-30.91,0,-2.75,-2.83,20.19,17.69
05-01-20 01:00,0,-31.37,0,-2.31,-2.39,20.17,17.57
05-01-20 02:00,0,-24.47,0,-2.7,-2.83,20.14,17.63
05-01-20 03:00,0,-27.7,0,-2.71,-2.84,19.68,17.21
05-01-20 04:00,0,-27.12,0,-2.59,-2.75,18.95,16.57
05-01-20 05:00,0,-29.55,0,-2.5,-2.6,18.46,16.22
05-01-20 06:00,0,-27.65,0,-2.15,-2.23,18.07,15.71
05-01-20 07:00,0,-20.81,0,-2.69,-2.52,17.64,15.17
05-01-20 08:00,55,36.78,0.01,7.27,5.88,18.17,16.05
05-01-20 09:00,1543,1544.21,0.18,179.4,126.45,18.56,18.63
05-01-20 10:00,4723,4719.99,0.48,484.05,343.5,20.52,25.01
05-01-20 11:00,7612,7617.83,0.72,719.99,546.48,22.91,32.01
05-01-20 12:00,9610,9607.94,0.86,858.63,701.78,24.98,37.85
05-01-20 13:00,10608,10616.86,0.9,897.71,792.95,26.35,41.37
05-01-20 14:00,10623,10620.72,0.86,857.67,789.46,27.59,43.03
05-01-20 15:00,9739,9746.95,0.77,773.96,710.03,28.41,42.79
05-01-20 16:00,8074,8078.99,0.63,633.49,572.19,28.86,41.12
05-01-20 17:00,5730,5729.5,0.43,425.96,393.82,29.13,37.34
05-01-20 18:00,2483,2486.38,0.18,183.58,174.4,28.46,31.09
05-01-20 19:00,402,395.97,0.03,33.51,31.89,24.85,23.78
05-01-20 20:00,0,-47.16,0,-2.92,-3.23,21.92,19.51
05-01-20 21:00,0,-25.55,0,-2.92,-2.95,20.79,18.3
05-01-20 22:00,0,-31.06,0,-2,-2,20.23,18.43
05-01-20 23:00,0,-32.38,0,-2.41,-2.68,19.59,17.44
06-01-20 00:00,0,-32.11,0,-2.91,-2.99,18.96,16.33
06-01-20 01:00,0,-33.25,0,-2.37,-2.59,18.87,16.37
06-01-20 02:00,0,-31.26,0,-2.66,-2.76,18.84,16.42
06-01-20 03:00,0,-31.17,0,-2.53,-2.61,18.32,15.93
06-01-20 04:00,0,-28.73,0,-2.62,-2.72,17.51,15.17
06-01-20 05:00,0,-25.1,0,-2.42,-2.44,16.92,14.57
06-01-20 06:00,0,-27.46,0,-2.09,-2.17,17.19,14.9
06-01-20 07:00,0,-21.74,0,-2.42,-2.45,16.25,14.06
06-01-20 08:00,57,40.53,0.01,8.03,6.29,16.57,14.45
06-01-20 09:00,1621,1622.01,0.2,198.9,133.66,17.9,18.05
06-01-20 10:00,4798,4795.34,0.5,501.73,346.79,21.08,25.66
06-01-20 11:00,7781,7787.42,0.74,735.21,551.39,22.93,31.35
06-01-20 12:00,9898,9894.64,0.87,873.16,710.17,24.68,36.31
06-01-20 13:00,10901,10910.83,0.91,910.35,804.09,26.28,40.53
06-01-20 14:00,11012,11010.19,0.87,873.41,809.63,27.29,42.44
06-01-20 15:00,10345,10354.73,0.81,808.07,740.77,28.05,42.26
06-01-20 16:00,8774,8771.8,0.68,675.83,606.43,28.59,41.07
06-01-20 17:00,6283,6290.07,0.45,454.46,422.74,28.62,36.79
06-01-20 18:00,3110,3109.81,0.22,216.13,203.68,26.88,30.4
06-01-20 19:00,407,400.1,0.03,33.8,32.29,23.41,22.38
06-01-20 20:00,0,-43.49,0,-2.94,-3.45,21.39,18.96
06-01-20 21:00,0,-26.91,0,-3,-3,20.03,17.5
06-01-20 22:00,0,-28.75,0,-3,-3,19.28,16.84
06-01-20 23:00,0,-26.26,0,-3,-3,18.63,16.13
07-01-20 00:00,0,-27.91,0,-2.81,-3,18.09,15.41
07-01-20 01:00,0,-32.53,0,-2,-2.18,18.31,15.82
07-01-20 02:00,0,-29.72,0,-2.13,-2.21,18.58,16.43
07-01-20 03:00,0,-24.77,0,-2.76,-2.78,18.61,16.05
07-01-20 04:00,0,-20.18,0,-2.03,-2.25,18.77,16.5
07-01-20 05:00,0,-28.01,0,-2,-2,18.62,16.51
07-01-20 06:00,0,-20.79,0,-2.02,-2.05,18.79,16.7
07-01-20 07:00,0,-19.55,0,-2.02,-2.14,18.54,16.37
07-01-20 08:00,38,15.54,0,5.37,4.19,17.95,15.8
07-01-20 09:00,1481,1478.54,0.16,164.26,119.88,17.75,17.7
07-01-20 10:00,4625,4628.99,0.48,476.04,338.17,20.05,24.91
07-01-20 11:00,7217,7214.6,0.67,672.54,520.57,22.65,31.7
07-01-20 12:00,9107,9115.08,0.8,802.3,658.86,24.31,35.89
07-01-20 13:00,9775,9770.49,0.81,814.43,722.53,25.7,39.06
07-01-20 14:00,10528,10537.46,0.84,840.79,778.33,26.46,41.15
07-01-20 15:00,10118,10118.55,0.79,793.14,725.58,27.25,41.77
07-01-20 16:00,8346,8351.93,0.64,644.13,577.82,27.54,39.25
07-01-20 17:00,6502,6501.43,0.47,467.48,428.67,26.56,35.63
07-01-20 18:00,3207,3212.26,0.22,221.38,206.08,24.45,27.98
07-01-20 19:00,518,511.46,0.04,41.65,39.62,22.02,21.26
07-01-20 20:00,0,-48.69,0,-2.89,-2.97,20.12,17.76
07-01-20 21:00,0,-27.21,0,-3,-3.03,19.13,16.49
07-01-20 22:00,0,-26.43,0,-3,-3.01,18.42,15.63
07-01-20 23:00,0,-27.47,0,-3,-3,18.06,15.49
08-01-20 00:00,0,-32,0,-2.97,-3,17.77,15.26
08-01-20 01:00,0,-30.84,0,-3,-3,17.14,14.48
08-01-20 02:00,0,-30.58,0,-2.97,-2.98,16.64,13.86
08-01-20 03:00,0,-28.42,0,-2.93,-2.87,16.78,14.09
08-01-20 04:00,0,-31.06,0,-2.98,-2.93,17.06,14.26
08-01-20 05:00,0,-25.36,0,-3,-3,16.66,13.74
08-01-20 06:00,0,-27.82,0,-2.71,-2.42,16.94,14.03
08-01-20 07:00,0,-26.45,0,-2.72,-2.39,17.78,15.23
08-01-20 08:00,86,67.72,0.01,15.1,9.67,17.3,15.13
08-01-20 09:00,1964,1965.75,0.25,247.68,160.75,18,18.69
08-01-20 10:00,5040,5036.98,0.5,503.04,359.85,20.22,24.89
08-01-20 11:00,8481,8488.59,0.78,783.46,591.88,22.4,31.74
08-01-20 12:00,10448,10443.7,0.91,906.26,745.71,24.34,36.97
08-01-20 13:00,11033,11044.39,0.9,904.46,820.18,25.9,40.77
08-01-20 14:00,10237,10234.72,0.8,800.41,752.53,26.86,41.04
08-01-20 15:00,9403,9412.2,0.74,741.26,675.99,27.39,40.82
08-01-20 16:00,7765,7763.08,0.6,600.25,540.28,27.46,37.97
08-01-20 17:00,5578,5584.18,0.41,410.88,381.99,27.43,34.61
08-01-20 18:00,2580,2579.47,0.19,188.3,180.68,24.62,27.43
08-01-20 19:00,428,419.99,0.03,35.87,35.02,22.2,21.22
08-01-20 20:00,0,-46.07,0,-2.84,-2.98,20.25,17.99
08-01-20 21:00,0,-27.41,0,-2.59,-2.83,19.17,16.95
08-01-20 22:00,0,-26.62,0,-1.69,-1.88,18.9,17.28
08-01-20 23:00,0,-26.27,0,-1.96,-2,18.65,17.04
09-01-20 00:00,0,-30.89,0,-1.47,-1.81,18.42,16.93
09-01-20 01:00,0,-29.73,0,-1,-1,18.72,17.47
09-01-20 02:00,0,-28.07,0,-1.05,-1.36,19.14,17.73
09-01-20 03:00,0,-30.81,0,-1.13,-1.52,19.19,17.76
09-01-20 04:00,0,-26.36,0,-1.11,-1.17,19.36,18.01
09-01-20 05:00,0,-20.78,0,-1.76,-1.82,19.36,17.86
09-01-20 06:00,0,-16.92,0,-1.07,-1.08,19.3,18.05
09-01-20 07:00,0,-24.47,0,-1.57,-1.74,18.78,17.41
09-01-20 08:00,47,32.25,0.01,8.13,5.78,17.83,16.28
09-01-20 09:00,1425,1425.47,0.16,163.15,115.6,17.82,17.94
09-01-20 10:00,4888,4890.28,0.49,492.37,341.97,19.8,24.07
09-01-20 11:00,8191,8188.64,0.75,748.25,564.42,22.3,30.86
09-01-20 12:00,9650,9656.82,0.83,832.61,686.27,24.51,35.34
09-01-20 13:00,10785,10787.6,0.9,896.23,794.33,25.94,38.75
09-01-20 14:00,11036,11044.61,0.89,888.45,808.78,27.25,41.53
09-01-20 15:00,10133,10129.79,0.82,815.49,723.43,28.21,42.29
09-01-20 16:00,8232,8239.35,0.64,643.9,569.53,28.6,40.19
09-01-20 17:00,6463,6460.54,0.47,466.34,424.96,28.59,37.27
09-01-20 18:00,3447,3451.06,0.23,230.98,218.6,26.72,30.6
09-01-20 19:00,646,641.29,0.05,48.5,46.77,23.64,22.91
09-01-20 20:00,0,-47.21,0,-2.93,-3.34,21.23,18.64
09-01-20 21:00,0,-26.58,0,-2.92,-3.06,19.78,17.43
09-01-20 22:00,0,-30.22,0,-2.31,-3,18.77,16.58
09-01-20 23:00,0,-31.98,0,-2.2,-2.87,18.17,15.95
10-01-20 00:00,0,-30.9,0,-2.26,-2.65,17.75,15.44
10-01-20 01:00,0,-29.79,0,-2,-2.21,18.05,15.72
10-01-20 02:00,0,-23.91,0,-2.75,-2.85,18.1,15.57
10-01-20 03:00,0,-24,0,-2.84,-2.98,17.92,15.37
10-01-20 04:00,0,-30.25,0,-2.09,-2.28,17.86,15.55
10-01-20 05:00,0,-17.35,0,-2,-2,17.97,15.96
10-01-20 06:00,0,-17.05,0,-2,-2,18.07,16.21
10-01-20 07:00,0,-19.83,0,-2.16,-2.54,17.07,15.01
10-01-20 08:00,55,36.88,0.01,9.84,5.86,16.31,13.97
10-01-20 09:00,1977,1977.5,0.25,249.46,160.53,17.2,17.75
10-01-20 10:00,5089,5084.14,0.48,493.34,420.62,19.85,24.18
10-01-20 11:00,12133,12147.68,0.7,696.19,607.7,22.16,30.88
10-01-20 12:00,14986,14978.63,0.8,802.63,736.79,24.1,35.68
10-01-20 13:00,17028,17046.12,0.9,900.39,845.55,25.6,39.51
10-01-20 14:00,17601,17591.43,0.92,918.48,877.55,27.13,42.06
10-01-20 15:00,16896,16910.59,0.88,883.8,830.7,28.29,43.33
10-01-20 16:00,14363,14359.6,0.74,743.44,695.44,29.14,42.02
10-01-20 17:00,9126,9135.46,0.47,467.7,448.64,28.81,36.72
10-01-20 18:00,5779,5784.42,0.3,301.49,295.26,25.22,29.66
10-01-20 19:00,1002,996.17,0.06,64.82,63.91,22.75,22.14
10-01-20 20:00,0,-77.07,0,-3.05,-3.31,20.25,17.59
10-01-20 21:00,0,-49.36,0,-3,-3,18.89,16.58
10-01-20 22:00,0,-49.61,0,-3,-3,18.16,15.84
10-01-20 23:00,0,-49.52,0,-3,-3,17.46,15.02
11-01-20 00:00,0,-49.2,0,-2.83,-2.86,16.92,14.28
11-01-20 01:00,0,-48.5,0,-2.25,-2.3,16.82,14.32
11-01-20 02:00,0,-49.24,0,-2.09,-2.11,16.84,14.56
11-01-20 03:00,0,-48.81,0,-2.47,-2.51,16.62,14.42
11-01-20 04:00,0,-48.85,0,-2.44,-2.73,15.76,13.28
11-01-20 05:00,0,-49.06,0,-2,-2,15.85,13.62
11-01-20 06:00,0,-48.44,0,-2.2,-2.25,15.51,13.29
11-01-20 07:00,0,-47.99,0,-2.02,-2.02,15.65,13.46
11-01-20 08:00,121,88.6,0.01,10.26,8.49,15.9,13.5
11-01-20 09:00,2605,2602.62,0.19,188.58,149.67,18.6,18.97
11-01-20 10:00,7584,7588.01,0.46,456.1,374.26,21.49,26.13
11-01-20 11:00,11843,11853.06,0.66,659.41,573.65,23.64,32.8
11-01-20 12:00,13870,13862.28,0.75,747.29,682.24,25.8,38.43
11-01-20 13:00,15327,15338.88,0.82,816.08,769.76,27.38,41.88
11-01-20 14:00,15285,15283.43,0.81,807.75,772.87,29,44.93
11-01-20 15:00,15868,15873.8,0.84,842.41,793.06,30.15,46.81
11-01-20 16:00,12405,12418.66,0.65,652.03,614.31,30.84,44.27
11-01-20 17:00,9456,9453.14,0.49,486.69,467.61,28.58,37.97
11-01-20 18:00,4756,4761.45,0.25,251,245.81,25.93,29.73
11-01-20 19:00,768,756.03,0.05,47.08,46.3,23.33,22.64
11-01-20 20:00,0,-74.51,0,-2.74,-2.88,21.08,18.95
11-01-20 21:00,0,-49.56,0,-2.04,-2.14,19.89,17.93
11-01-20 22:00,0,-50.05,0,-2.11,-2.12,19.38,17.53
11-01-20 23:00,0,-48.64,0,-2.23,-2.42,18.82,16.74
12-01-20 00:00,0,-49.04,0,-2.02,-2.03,18.44,16.46
12-01-20 01:00,0,-48.48,0,-2,-2,18.22,16.47
12-01-20 02:00,0,-48.35,0,-1.97,-1.97,18.4,16.65
12-01-20 03:00,0,-48.46,0,-2,-2,18.39,16.52
12-01-20 04:00,0,-48.15,0,-1.96,-1.97,18.43,16.68
12-01-20 05:00,0,-47.53,0,-2,-2,18.31,16.52
12-01-20 06:00,0,-47.85,0,-1.96,-1.96,18.34,16.54
12-01-20 07:00,0,-47.88,0,-1.99,-1.99,18.07,16.2
12-01-20 08:00,77,40.96,0.01,7,6.05,17.63,16
12-01-20 09:00,2283,2285.81,0.16,164.55,132.24,18.41,19.07
12-01-20 10:00,6768,6765.18,0.41,407.67,337,20.76,25.79
12-01-20 11:00,11060,11069.18,0.62,619.98,538.48,24.69,33.09
12-01-20 12:00,13926,13917.61,0.76,758.92,690,27.25,39.11
12-01-20 13:00,12543,12552.75,0.68,678.33,639.9,28.7,40.49
12-01-20 14:00,13866,13874.86,0.74,738.31,696.42,29.71,41.96
12-01-20 15:00,11922,11930.99,0.63,625.59,596,30.69,41.96
12-01-20 16:00,11731,11725.19,0.61,614.18,583.62,31.52,42.93
12-01-20 17:00,10110,10118.24,0.53,526.26,505.07,32.02,42.28
12-01-20 18:00,3241,3242.28,0.17,173.23,169.78,30.37,33.04
12-01-20 19:00,1038,1034.06,0.06,63.1,63.05,25.68,25.29
12-01-20 20:00,0,-80.24,0,-2.89,-3.1,22.68,20.44
12-01-20 21:00,0,-49.45,0,-2.86,-2.95,21,18.77
12-01-20 22:00,0,-49.66,0,-2.62,-2.75,20.15,17.96
12-01-20 23:00,0,-49.3,0,-2.37,-2.56,19.26,16.99
13-01-20 00:00,0,-48.58,0,-2.01,-2.1,19.12,17.12
13-01-20 01:00,0,-47.75,0,-1.76,-1.68,19.59,17.6
13-01-20 02:00,0,-48.73,0,-2.16,-2.11,21.32,19.34
13-01-20 03:00,0,-48.63,0,-3.06,-3.26,20.57,18.02
13-01-20 04:00,0,-48.37,0,-2.65,-2.7,19.04,16.53
13-01-20 05:00,0,-48.31,0,-2.21,-2.24,19.26,16.96
13-01-20 06:00,0,-48.4,0,-2.31,-2.33,19.12,17.04
13-01-20 07:00,0,-48.95,0,-2.68,-2.66,19.03,16.53
13-01-20 08:00,69,34.35,0.01,10.66,7.24,19.19,16.67
13-01-20 09:00,3107,3109.59,0.24,244.96,181.2,20.42,21.1
13-01-20 10:00,8365,8363.1,0.51,514.31,409.55,22.95,28.71
13-01-20 11:00,12770,12766.18,0.72,719.33,619.71,25.41,35.65
13-01-20 12:00,15668,15681.24,0.86,864.09,783.7,27.13,40.93
13-01-20 13:00,17389,17383.74,0.96,963.17,892.57,28.95,45.37
13-01-20 14:00,17646,17664.13,0.95,954.5,898.05,30.85,48.09
13-01-20 15:00,16585,16598.44,0.88,882.61,827.24,32.01,48.96
13-01-20 16:00,14244,14240.8,0.75,750.43,705,32.63,47.33
13-01-20 17:00,10647,10654.75,0.55,553.66,531.85,32.74,43.18
13-01-20 18:00,5895,5894.39,0.31,310.27,304.4,32.23,36.91
13-01-20 19:00,1098,1096.38,0.07,71.59,71.44,30.34,29.15
13-01-20 20:00,0,-78.5,0,-4.58,-4.89,24.34,21.06
13-01-20 21:00,0,-49.93,0,-3.51,-3.72,22.1,19.05
13-01-20 22:00,0,-48.75,0,-3.32,-3.56,20.47,17.44
13-01-20 23:00,0,-49.52,0,-2.91,-3,19.62,17.1
14-01-20 00:00,0,-48.15,0,-2.44,-2.67,19,16.68
14-01-20 01:00,0,-48.55,0,-2.65,-2.82,18.75,16.26
14-01-20 02:00,0,-48.35,0,-2.11,-2.13,18.78,16.02
14-01-20 03:00,0,-48.39,0,-2.12,-2.36,19.58,16.86
14-01-20 04:00,0,-48.18,0,-2.46,-2.55,19.42,16.76
14-01-20 05:00,0,-48.37,0,-2.29,-2.27,19.5,16.87
14-01-20 06:00,0,-48.53,0,-2.55,-2.5,20.38,17.86
14-01-20 07:00,0,-48.45,0,-2.51,-2.52,20.22,17.92
14-01-20 08:00,123,87.89,0.01,9.29,8.16,19.84,17.77
14-01-20 09:00,2533,2531.18,0.18,179.75,146.6,20.54,21
14-01-20 10:00,6624,6627.15,0.4,403.95,336.54,21.9,26.12
14-01-20 11:00,11740,11750.01,0.67,667.21,581.26,23.66,32.97
14-01-20 12:00,14792,14785.19,0.84,835.64,760.07,25.98,40.46
14-01-20 13:00,15089,15100.96,0.83,833.61,776.75,27.74,42.79
14-01-20 14:00,17099,17113.2,0.92,918.23,865.77,29.44,48.03
14-01-20 15:00,15189,15180.83,0.79,786.52,744.46,30.84,48.87
14-01-20 16:00,10331,10338.81,0.53,530.62,514.45,31.05,41.78
14-01-20 17:00,7718,7714.85,0.39,391.5,380.49,30.42,38.15
14-01-20 18:00,4266,4271.91,0.23,225.58,222.93,27.95,31.78
14-01-20 19:00,737,717.26,0.04,44.42,44.21,25.54,24.72
14-01-20 20:00,0,-67.8,0,-2.59,-2.74,23.69,21.5
14-01-20 21:00,0,-49.84,0,-2.35,-2.42,22.75,20.66
14-01-20 22:00,0,-50.26,0,-2.2,-2.31,21.72,19.81
14-01-20 23:00,0,-50.21,0,-2.11,-2.34,20.97,19.25
15-01-20 00:00,0,-50.36,0,-2.67,-2.82,20.12,17.85
15-01-20 01:00,0,-49.55,0,-2,-2.1,19.78,17.51
15-01-20 02:00,0,-50.28,0,-2.16,-2.16,19.85,17.64
15-01-20 03:00,0,-49.77,0,-1.54,-1.54,19.46,17.78
15-01-20 04:00,0,-49.18,0,-1.47,-1.49,20.4,18.76
15-01-20 05:00,0,-49.52,0,-2.22,-2.23,20.03,17.8
15-01-20 06:00,0,-49.29,0,-2,-1.96,20.63,18.32
15-01-20 07:00,0,-49.24,0,-2.2,-2.27,20.3,17.99
15-01-20 08:00,28,-10.94,0,2.46,2.2,19.32,17.22
15-01-20 09:00,2361,2361.77,0.15,148.73,132.76,20.51,21.12
15-01-20 10:00,3998,3993.39,0.22,223.29,210.35,22.88,25.47
15-01-20 11:00,10160,10165.78,0.57,565.83,515.93,25.08,32.79
15-01-20 12:00,11163,11175.74,0.62,619.43,580.07,27.37,38.26
15-01-20 13:00,11294,11293.32,0.63,629.33,595.91,28.77,42.03
15-01-20 14:00,12065,12064.9,0.67,668.14,639.55,30.05,43.82
15-01-20 15:00,13853,13859.07,0.74,742.23,705.11,31.08,46.57
15-01-20 16:00,11672,11684.14,0.62,621.41,591.91,32.1,45.66
15-01-20 17:00,8334,8330.51,0.44,438.61,427.34,29.83,38.51
15-01-20 18:00,4763,4766.69,0.26,258.32,254.08,27.97,32.65
15-01-20 19:00,465,456.44,0.03,29.73,29.54,25.21,24.35
15-01-20 20:00,0,-75.32,0,-1.74,-1.84,23.54,21.83
15-01-20 21:00,0,-51.34,0,-2.02,-2.3,22.2,20.38
15-01-20 22:00,0,-50.8,0,-1.72,-1.82,21.24,19.7
15-01-20 23:00,0,-51.21,0,-1.59,-1.68,20.71,19.4
16-01-20 00:00,0,-51.31,0,-2.36,-2.63,20.09,18.08
16-01-20 01:00,0,-50.49,0,-2.05,-2.08,19.28,17.39
16-01-20 02:00,0,-50.82,0,-2.54,-2.81,18.49,16.22
16-01-20 03:00,0,-50.51,0,-2.27,-2.45,18.6,16.2
16-01-20 04:00,0,-50.11,0,-2.78,-2.98,18.22,15.73
16-01-20 05:00,0,-50.43,0,-2.01,-2.09,18.11,15.9
16-01-20 06:00,0,-49.92,0,-2.2,-2.2,18.1,15.89
16-01-20 07:00,0,-50.53,0,-2.07,-2.07,18.79,16.19
16-01-20 08:00,72,36.46,0.01,13.01,8.68,20.12,17.69
16-01-20 09:00,2935,2937.88,0.24,240.46,177.96,20.98,21.76
16-01-20 10:00,8047,8044.18,0.51,513.61,408.38,24.31,30.44
16-01-20 11:00,12287,12295.78,0.71,709.09,614.17,26.78,37.63
16-01-20 12:00,15278,15269.64,0.85,848.99,776.88,28.79,43.56
16-01-20 13:00,16835,16850.49,0.93,934.86,869.77,30.16,47.19
16-01-20 14:00,17191,17205.8,0.92,922.01,884.92,31.54,48.67
16-01-20 15:00,16058,16051.54,0.85,850,812.27,32.47,50.08
16-01-20 16:00,13787,13799.09,0.72,722.21,683.82,32.15,47.4
16-01-20 17:00,10448,10444.42,0.54,541.84,521.9,31.21,41.39
16-01-20 18:00,5808,5815.14,0.31,312.04,306.12,29.85,34.58
16-01-20 19:00,1129,1126.95,0.08,76.26,76.08,26.46,26.16
16-01-20 20:00,0,-79.71,0,-2.86,-3.16,23.33,20.85
16-01-20 21:00,0,-51.23,0,-2.76,-2.99,21.92,19.64
16-01-20 22:00,0,-50.85,0,-2.76,-2.97,21.26,19.11
16-01-20 23:00,0,-51.02,0,-2.77,-3,20.53,18.35
17-01-20 00:00,0,-50.31,0,-2.61,-2.97,19.8,17.57
17-01-20 01:00,0,-50.82,0,-2.47,-2.74,19.2,17.03
17-01-20 02:00,0,-50.34,0,-2.6,-2.94,18.74,16.51
17-01-20 03:00,0,-49.95,0,-2.49,-2.71,18.41,16.17
17-01-20 04:00,0,-50.09,0,-2.01,-2.3,18.13,15.83
17-01-20 05:00,0,-49.73,0,-2,-2,18.53,16.43
17-01-20 06:00,0,-49.59,0,-2.08,-2.07,19.71,17.53
17-01-20 07:00,0,-49.43,0,-2.58,-2.59,19.64,17.16
17-01-20 08:00,79,45.44,0.01,10.11,7.69,20.41,17.85
17-01-20 09:00,1830,1829.71,0.13,131.57,110.17,22.06,21.64
17-01-20 10:00,5668,5672.02,0.35,348.64,298.31,24.03,27.48
17-01-20 11:00,11821,11814.4,0.67,674.51,592.38,26.39,36.09
17-01-20 12:00,15187,15198.99,0.85,847.23,777.96,28.4,43.05
17-01-20 13:00,15649,15650.97,0.86,863.17,808.98,30.12,46.15
17-01-20 14:00,11190,11197.22,0.62,619.77,589.66,31.33,46.42
17-01-20 15:00,14760,14756.66,0.8,797.26,762.9,31.89,47.46
17-01-20 16:00,12770,12785.09,0.71,708.59,671,33.17,49.69
17-01-20 17:00,9430,9429.09,0.53,527.39,508.73,33.51,44.35
17-01-20 18:00,4914,4919.85,0.28,280.68,276.57,31.62,36.28
17-01-20 19:00,940,938.71,0.06,62.89,62.68,26.61,26.25
17-01-20 20:00,0,-79.87,0,-3.08,-3.45,23.38,20.89
17-01-20 21:00,0,-50.22,0,-2.97,-3.09,21.1,18.7
17-01-20 22:00,0,-51.03,0,-2.87,-3,20.12,17.74
17-01-20 23:00,0,-50.51,0,-2.47,-2.85,19.62,17.19
18-01-20 00:00,0,-50.12,0,-2.54,-2.91,19.01,16.6
18-01-20 01:00,0,-50.08,0,-2.28,-2.49,19.01,16.54
18-01-20 02:00,0,-50.01,0,-2.15,-2.22,19.2,16.72
18-01-20 03:00,0,-49.71,0,-2,-2,20.34,17.85
18-01-20 04:00,0,-49.44,0,-2.07,-2.11,20.86,18.53
18-01-20 05:00,0,-50,0,-2.6,-2.77,20.07,17.76
18-01-20 06:00,0,-49.56,0,-2.04,-2.2,19.29,17.14
18-01-20 07:00,0,-49,0,-2.02,-2.02,19.06,16.89
18-01-20 08:00,56,20.59,0,5.31,4.66,18.98,16.81
18-01-20 09:00,1828,1826.64,0.14,137.15,114.13,20.24,20.09
18-01-20 10:00,6517,6520.38,0.43,430.18,357.94,23.51,27.78
18-01-20 11:00,10791,10790.21,0.65,645.8,570.23,25.7,34.23
18-01-20 12:00,13624,13635.98,0.78,783.76,723,27.92,40.13
18-01-20 13:00,15233,15228.61,0.87,867.26,815.14,30.04,44.47
18-01-20 14:00,15482,15497.59,0.87,867.41,830.54,31.53,47.64
18-01-20 15:00,14502,14498.26,0.81,805.88,768.79,32.67,48
18-01-20 16:00,12124,12134.94,0.68,677.42,641.15,33.05,45.69
18-01-20 17:00,8682,8680.46,0.49,491.25,473.43,33.09,42.08
18-01-20 18:00,4325,4329.23,0.25,253.86,249.41,32.58,36.42
18-01-20 19:00,775,772.97,0.05,50.32,49.79,31,29.52
18-01-20 20:00,0,-78.58,0,-4.06,-4.07,28.19,24.53
18-01-20 21:00,0,-49.64,0,-3.7,-3.67,27.22,23.57
18-01-20 22:00,0,-49.32,0,-3.88,-3.9,25.35,21.82
18-01-20 23:00,0,-49.63,0,-2.99,-2.99,24.6,21.16
19-01-20 00:00,0,-49.67,0,-2.91,-2.87,23.83,20.95
19-01-20 01:00,0,-49.11,0,-2.37,-2.43,23.52,20.91
19-01-20 02:00,0,-49.36,0,-2.09,-2.08,23.53,21.25
19-01-20 03:00,0,-48.77,0,-2.34,-2.29,23.67,21.6
19-01-20 04:00,0,-48.28,0,-2.53,-2.6,22.77,20.45
19-01-20 05:00,0,-48.98,0,-2.47,-2.48,23.18,20.86
19-01-20 06:00,0,-48.46,0,-2.13,-2.13,22.63,20.62
19-01-20 07:00,0,-47.99,0,-2.13,-2.12,22.28,20.41
19-01-20 08:00,76,38.85,0.01,6.35,5.58,22.06,20
19-01-20 09:00,2058,2059.32,0.16,158.3,129.94,22.92,22.92
19-01-20 10:00,6556,6552.7,0.44,438.58,363.17,24.81,29.1
19-01-20 11:00,10844,10852.5,0.66,656.31,578.13,26.79,35.56
19-01-20 12:00,13996,13990.86,0.81,813.22,749.6,28.93,41.82
19-01-20 13:00,15545,15554.76,0.89,893.15,840.13,31,46.73
19-01-20 14:00,15580,15592.56,0.88,881.95,846.36,32.41,50.59
19-01-20 15:00,14649,14644.78,0.83,827.5,790.2,33.44,54.31
19-01-20 16:00,12140,12151.83,0.69,688.55,651.08,33.97,54.04
19-01-20 17:00,8966,8963.7,0.5,503.18,484.8,32.32,44.66
19-01-20 18:00,4663,4669.84,0.27,269.81,265.83,30.61,36.27
19-01-20 19:00,866,864.83,0.06,57.7,57.37,28.68,28
19-01-20 20:00,0,-80.54,0,-3.51,-3.65,26.14,23.12
19-01-20 21:00,0,-49.09,0,-3.61,-3.77,24.47,21.26
19-01-20 22:00,0,-49.44,0,-3,-3.19,23.7,20.85
19-01-20 23:00,0,-49.54,0,-3,-3,22.32,19.69
20-01-20 00:00,0,-49.4,0,-3,-3,21.45,18.94
20-01-20 01:00,0,-49.05,0,-2.27,-2.37,21.23,18.74
20-01-20 02:00,0,-49,0,-2.38,-2.42,21.41,18.97
20-01-20 03:00,0,-48.46,0,-2.48,-2.52,21.51,19.01
20-01-20 04:00,0,-48.6,0,-2.52,-2.51,21.67,19.17
20-01-20 05:00,0,-48.04,0,-3.2,-3.32,20.43,17.86
20-01-20 06:00,0,-47.94,0,-2.52,-2.65,19.23,16.56
20-01-20 07:00,0,-47.89,0,-2,-2,19.65,17.37
20-01-20 08:00,41,3.12,0,4.49,3.78,20.09,17.94
20-01-20 09:00,2227,2229.47,0.18,181.37,143.48,22.12,22.29
20-01-20 10:00,6907,6904.35,0.47,466.2,383.52,25.45,30.88
20-01-20 11:00,7903,7910.73,0.48,479.09,430,28.68,36.07
20-01-20 12:00,10364,10354.21,0.6,602.94,556.48,30.27,40.22
20-01-20 13:00,15521,15532.64,0.92,915.37,862.54,32.16,50.45
20-01-20 14:00,15046,15044.55,0.87,873.23,828.21,33.22,57.96
20-01-20 15:00,11009,11019.17,0.6,603.3,576.72,33.9,51.8
20-01-20 16:00,7000,7003.69,0.38,376.08,365.4,31.99,40.95
20-01-20 17:00,8054,8058.86,0.44,443.24,428.24,30.74,41.57
20-01-20 18:00,4354,4351.37,0.25,246.45,243.28,30.06,35.37
20-01-20 19:00,677,673.58,0.04,44.09,43.43,27.69,26.56
20-01-20 20:00,0,-84.76,0,-3.3,-3.53,24.72,22
20-01-20 21:00,0,-50.97,0,-3.37,-3.74,22.55,19.93
20-01-20 22:00,0,-50.17,0,-2.94,-3.12,21.38,18.52
20-01-20 23:00,0,-50.68,0,-2.92,-3,20.68,18.22
21-01-20 00:00,0,-50.16,0,-2.67,-2.99,20.23,17.72
21-01-20 01:00,0,-49.46,0,-2.39,-2.67,20.56,18.07
21-01-20 02:00,0,-49.56,0,-2.27,-2.4,20.1,17.92
21-01-20 03:00,0,-49.45,0,-2.01,-2.1,20.44,18.22
21-01-20 04:00,0,-49.47,0,-2.27,-2.46,20.65,18.41
21-01-20 05:00,0,-49.29,0,-2,-2,20.2,18.25
21-01-20 06:00,0,-49.33,0,-2.18,-2.41,19.53,17.56
21-01-20 07:00,0,-49.58,0,-2,-2,19.39,17.53
21-01-20 08:00,57,17.19,0,5.24,4.64,19.51,17.69
21-01-20 09:00,1414,1413.03,0.09,89.43,84.27,20.35,20.28
21-01-20 10:00,3697,3699.65,0.21,212.72,204.59,22.74,25.08
21-01-20 11:00,6069,6066.43,0.35,345.89,326.69,25.74,30.77
21-01-20 12:00,6496,6501.81,0.36,357.62,350,28.24,34.14
21-01-20 13:00,9204,9199.74,0.5,504.52,492.54,29.39,38.23
21-01-20 14:00,13010,13019.71,0.72,721.48,699.98,31.56,46.01
21-01-20 15:00,7257,7262.11,0.4,397.14,390.61,32.44,42.92
21-01-20 16:00,4436,4434.95,0.24,239.32,239.43,32.32,37.12
21-01-20 17:00,3456,3459.41,0.19,189.57,190.74,31.99,34.97
21-01-20 18:00,3960,3958.87,0.23,226.33,223.99,31.03,34.76
21-01-20 19:00,613,604.37,0.04,39.69,39.22,28.2,27.07
21-01-20 20:00,0,-60.6,0,-2.89,-3.07,25.08,22.43
21-01-20 21:00,0,-50.36,0,-2.57,-2.71,23.72,21.52
21-01-20 22:00,0,-50.59,0,-1.96,-2,23.44,21.57
21-01-20 23:00,0,-50.75,0,-1.82,-1.93,23.19,21.45
22-01-20 00:00,0,-50.26,0,-1.84,-1.97,22.76,21.22
22-01-20 01:00,0,-49.5,0,-1.62,-1.85,22.22,20.86
22-01-20 02:00,0,-49.92,0,-1.46,-1.66,21.66,20.28
22-01-20 03:00,0,-49.91,0,-1.56,-1.84,21.34,19.92
22-01-20 04:00,0,-49.81,0,-1.52,-1.6,21.13,19.7
22-01-20 05:00,0,-49.87,0,-1.18,-1.35,21.08,19.7
22-01-20 06:00,0,-49.22,0,-1.38,-1.51,20.64,19.35
22-01-20 07:00,0,-49.38,0,-1.31,-1.5,20.4,19
22-01-20 08:00,97,61.35,0.01,7.69,7.26,20.6,19.29
22-01-20 09:00,913,911.64,0.06,58.78,57.34,21.08,20.82
22-01-20 10:00,3445,3446.97,0.2,200.08,190.55,22.81,25.18
22-01-20 11:00,7260,7263.09,0.41,413.18,389.02,25.96,31.84
22-01-20 12:00,7939,7936.81,0.44,438.62,421.27,28.99,36.37
22-01-20 13:00,11171,11175.81,0.6,602.27,575.83,30.81,41.22
22-01-20 14:00,10190,10197.8,0.54,540.61,521.24,31.76,41.87
22-01-20 15:00,10150,10154.6,0.54,542.65,524.66,32.96,45.45
22-01-20 16:00,5653,5651.06,0.3,299.94,295.67,32.78,40.39
22-01-20 17:00,3111,3113.51,0.16,163.93,162.91,30.34,35.17
22-01-20 18:00,1181,1180.67,0.07,65.01,64.91,27.95,28.93
22-01-20 19:00,296,285.76,0.02,19.41,19.18,27.38,26.13
22-01-20 20:00,0,-73.61,0,-2.21,-2.49,25.03,23.26
22-01-20 21:00,0,-50.4,0,-2,-2.07,23.87,22.19
22-01-20 22:00,0,-50.23,0,-1.95,-2,23.28,21.71
22-01-20 23:00,0,-50.19,0,-1.22,-1.27,22.81,21.54
23-01-20 00:00,0,-49.47,0,-1.36,-1.43,22.62,21.18
23-01-20 01:00,0,-49.52,0,-1.84,-1.97,22.73,21.13
23-01-20 02:00,0,-49.46,0,-1.39,-1.44,22.81,21.22
23-01-20 03:00,0,-49.88,0,-1.76,-1.89,22.45,20.62
23-01-20 04:00,0,-48.92,0,-1.24,-1.11,22.88,21.24
23-01-20 05:00,0,-49.41,0,-1.78,-1.78,23.63,21.95
23-01-20 06:00,0,-49.33,0,-1.96,-2.02,22.43,20.43
23-01-20 07:00,0,-49.65,0,-1.41,-1.27,23,21.53
23-01-20 08:00,24,-17.06,0,1.81,1.64,22.02,20.1
23-01-20 09:00,663,663.65,0.04,42.19,42.1,23.61,22.51
23-01-20 10:00,1210,1209.2,0.07,68.86,69.01,24.03,24.75
23-01-20 11:00,1676,1676.65,0.09,89.2,88.72,23.49,24.65
23-01-20 12:00,5534,5539.33,0.29,285.94,280.85,24.68,28.99
23-01-20 13:00,7882,7878.33,0.41,413.9,407.2,27.81,34.92
23-01-20 14:00,6309,6316.25,0.33,331.65,327.89,30.44,37.95
23-01-20 15:00,4446,4443.53,0.23,226.7,224.85,30.67,34.59
23-01-20 16:00,4246,4250.26,0.22,223.84,221.79,31.19,35.43
23-01-20 17:00,2552,2554,0.14,137.47,136.68,31.27,33.68
23-01-20 18:00,990,989.91,0.06,56.86,56.92,30.37,30.51
23-01-20 19:00,104,89.33,0,8.72,8.71,28.66,27.14
23-01-20 20:00,0,-45.16,0,-1.81,-2.08,26.85,25.15
23-01-20 21:00,0,-50.96,0,-1.58,-1.74,25.63,24.47
23-01-20 22:00,0,-51.23,0,-1.28,-1.35,24.86,23.65
23-01-20 23:00,0,-50.74,0,-1.15,-1.27,24.3,23.06
24-01-20 00:00,0,-50.63,0,-1.34,-1.48,23.84,22.65
24-01-20 01:00,0,-50.64,0,-1.17,-1.2,23.82,22.5
24-01-20 02:00,0,-50.28,0,-1.39,-1.49,23.71,22.28
24-01-20 03:00,0,-49.89,0,-1.65,-1.81,23.37,21.56
24-01-20 04:00,0,-50.27,0,-1.39,-1.5,23.58,21.86
24-01-20 05:00,0,-50,0,-1.35,-1.44,23.32,21.83
24-01-20 06:00,0,-49.63,0,-1.4,-1.39,23.58,22.11
24-01-20 07:00,0,-50.14,0,-2.09,-2.06,23.42,21.3
24-01-20 08:00,34,-7.65,0,3.06,2.43,22.84,20.66
24-01-20 09:00,1888,1888.99,0.15,148.53,119.65,22.72,23
24-01-20 10:00,5905,5902.06,0.39,387.36,323.16,25.45,30.77
24-01-20 11:00,8992,8999.79,0.53,534.97,473.02,28.4,36.5
24-01-20 12:00,12226,12236.18,0.69,693.09,638.25,31.73,44.3
24-01-20 13:00,14866,14860.58,0.82,819.87,774.29,33.74,49.82
24-01-20 14:00,15185,15184.5,0.84,835.19,797.22,34.97,54.5
24-01-20 15:00,14378,14390.73,0.78,781.41,741.9,35.93,56.09
24-01-20 16:00,10031,10040.63,0.55,547.98,519.77,35.78,50.16
24-01-20 17:00,7804,7801.61,0.42,423.22,411.2,33.46,41.08
24-01-20 18:00,5021,5025.28,0.28,283.44,281.79,31.91,36.45
24-01-20 19:00,872,871.77,0.06,58.37,58.39,28.48,28.33
24-01-20 20:00,0,-83.46,0,-1.88,-2.27,25.61,23.86
24-01-20 21:00,0,-53.29,0,-2,-2.07,24.38,22.57
24-01-20 22:00,0,-53.19,0,-2,-2,23.97,22.32
24-01-20 23:00,0,-53.07,0,-1.42,-1.45,23.73,22.37
25-01-20 00:00,0,-53.21,0,-1.74,-1.91,24.17,22.74
25-01-20 01:00,0,-52.39,0,-1.91,-2,23.8,22.33
25-01-20 02:00,0,-52.41,0,-1.88,-2,23.24,21.82
25-01-20 03:00,0,-52.72,0,-1.88,-2,22.79,21.33
25-01-20 04:00,0,-52.28,0,-1.9,-2,22.33,20.82
25-01-20 05:00,0,-52.41,0,-1.71,-1.87,21.67,20.11
25-01-20 06:00,0,-52.23,0,-1.89,-2,21.48,19.79
25-01-20 07:00,0,-53.68,0,-1.07,-1.17,21.67,20.32
25-01-20 08:00,39,-3.85,0,4.1,3.69,22.12,20.84
25-01-20 09:00,1280,1281.2,0.09,86.41,78.64,22.64,22.65
25-01-20 10:00,5270,5267.34,0.33,330.65,286.88,25.71,29.2
25-01-20 11:00,9629,9632.92,0.57,565.06,504.96,29.01,37.23
25-01-20 12:00,13358,13368.17,0.75,746.54,692.01,31.69,42.81
25-01-20 13:00,14234,14227.93,0.78,775.97,733.48,33.65,46.42
25-01-20 14:00,13682,13692.91,0.74,737.22,703.72,34.94,47.33
25-01-20 15:00,12706,12716.71,0.68,684.99,653.64,36.19,49.31
25-01-20 16:00,10070,10066.75,0.55,547.25,523.34,36.34,47.25
25-01-20 17:00,7877,7884.41,0.43,425.95,413.86,31.72,39.87
25-01-20 18:00,3629,3627.75,0.2,204.34,202.97,28.63,31.86
25-01-20 19:00,848,847.46,0.05,53.56,53.38,26.73,26.63
25-01-20 20:00,0,-82.06,0,-1.63,-1.66,25.25,23.73
25-01-20 21:00,0,-52.77,0,-2,-2,24.32,22.72
25-01-20 22:00,0,-52.9,0,-1.94,-2,23.73,22.31
25-01-20 23:00,0,-52.34,0,-1.91,-1.98,22.73,21.3
26-01-20 00:00,0,-52.29,0,-1.95,-2,22.52,20.97
26-01-20 01:00,0,-52.72,0,-1.94,-2,22.4,20.85
26-01-20 02:00,0,-52.54,0,-1.99,-2,22.18,20.69
26-01-20 03:00,0,-52.99,0,-1.76,-1.98,21.68,20.25
26-01-20 04:00,0,-53.76,0,-1.69,-1.97,21.25,19.87
26-01-20 05:00,0,-52.74,0,-2,-2,20.76,19.18
26-01-20 06:00,0,-51.81,0,-2,-2,20.25,18.6
26-01-20 07:00,0,-53.42,0,-1.71,-1.95,20.35,18.84
26-01-20 08:00,64,25.59,0,5.98,5.36,20.42,19
26-01-20 09:00,1899,1896.98,0.13,127.2,113.2,21.26,21.48
26-01-20 10:00,5836,5837.69,0.37,369.42,316.07,24.1,27.93
26-01-20 11:00,10838,10845.95,0.63,628.61,561.67,28.8,36.83
26-01-20 12:00,13026,13017.61,0.7,695.54,648.97,31.93,40.37
26-01-20 13:00,15295,15304.98,0.79,791.97,748.99,32.94,42.66
26-01-20 14:00,15227,15241.3,0.78,779.25,743.08,34.02,44.89
26-01-20 15:00,13698,13693.29,0.7,700.77,673.13,34.75,44.64
26-01-20 16:00,10945,10954.86,0.56,557.43,536.3,34.16,42.13
26-01-20 17:00,8382,8387.5,0.43,427.8,418.11,33.69,39.66
26-01-20 18:00,3957,3955.11,0.21,208.51,207.99,32.51,34.86
26-01-20 19:00,603,602.39,0.04,37.34,37.17,30.95,30.05
26-01-20 20:00,0,-84.05,0,-2.14,-2.29,29.4,27.44
26-01-20 21:00,0,-52.86,0,-2.68,-2.86,29.1,26.82
26-01-20 22:00,0,-52.21,0,-3,-3,28.48,25.94
26-01-20 23:00,0,-52.44,0,-2.91,-2.87,28.34,25.79
27-01-20 00:00,0,-52.7,0,-2.65,-2.64,28.42,26.2
27-01-20 01:00,0,-52.5,0,-2.62,-2.63,28.24,26.09
27-01-20 02:00,0,-52.37,0,-2.77,-2.77,27.98,25.69
27-01-20 03:00,0,-52.35,0,-3.28,-3.31,27.05,24.33
27-01-20 04:00,0,-51.82,0,-2.99,-3.04,25.86,23.25
27-01-20 05:00,0,-51.62,0,-3.46,-3.65,22.1,19.92
27-01-20 06:00,0,-51.66,0,-2.67,-2.9,20.78,18.53
27-01-20 07:00,0,-52.35,0,-2.25,-2.5,20.54,18.21
27-01-20 08:00,105,70.45,0.01,9.09,7.32,20.15,17.98
27-01-20 09:00,2652,2649.93,0.19,192.07,151.26,21.35,21.7
27-01-20 10:00,7613,7617.38,0.46,462.74,382.33,25.48,30.55
27-01-20 11:00,12189,12198.54,0.68,680.31,599.69,30.02,39.41
27-01-20 12:00,15192,15184.81,0.82,816.62,753.04,32.42,45.13
27-01-20 13:00,16812,16824.98,0.89,893.12,840.33,34.05,50.11
27-01-20 14:00,17179,17188.45,0.9,900.21,856.79,35.54,53.21
27-01-20 15:00,16099,16093.69,0.84,836.21,795.33,36.64,54.35
27-01-20 16:00,13735,13748.03,0.71,714.67,680.91,37.2,52.75
27-01-20 17:00,10155,10151.07,0.53,525.65,509.72,37.52,48.32
27-01-20 18:00,5522,5529.12,0.29,288.08,286.5,33.89,38.88
27-01-20 19:00,1161,1162.8,0.07,69.49,69.88,28.26,28.06
27-01-20 20:00,0,-81.43,0,-2.41,-2.59,25.27,22.96
27-01-20 21:00,0,-52.65,0,-2.99,-3.01,23.83,21.55
27-01-20 22:00,0,-52.44,0,-2.75,-2.92,23.18,20.99
27-01-20 23:00,0,-52.97,0,-2.11,-2.21,23.17,21.2
28-01-20 00:00,0,-52.6,0,-2.27,-2.47,23.41,21.38
28-01-20 01:00,0,-52.5,0,-2.34,-2.51,23.45,21.36
28-01-20 02:00,0,-53.23,0,-2.71,-3,22.59,20.54
28-01-20 03:00,0,-53.46,0,-2.19,-2.47,21.51,19.57
28-01-20 04:00,0,-53.14,0,-2.31,-2.59,20.66,18.65
28-01-20 05:00,0,-52.56,0,-2.05,-2.11,20.11,18.22
28-01-20 06:00,0,-52.47,0,-2,-2.39,19.19,17.12
28-01-20 07:00,0,-52.51,0,-2,-2.14,18.69,16.56
28-01-20 08:00,73,36.19,0,5.68,5.05,18.74,16.79
28-01-20 09:00,1803,1804.44,0.12,120.14,101.79,19.42,19.19
28-01-20 10:00,6972,6970.4,0.42,416.34,351.27,22.19,27.46
28-01-20 11:00,11847,11854.98,0.66,659.45,584.83,25.91,37.14
28-01-20 12:00,14704,14695.83,0.81,812.63,752.66,31.22,46.6
28-01-20 13:00,16147,16159.64,0.89,887.89,836.37,34.8,52.14
28-01-20 14:00,16496,16506.39,0.9,904.32,861.12,36.44,55.5
28-01-20 15:00,15442,15435.76,0.84,840.7,800.72,37.45,56.45
28-01-20 16:00,12922,12932.86,0.7,702.74,671.28,37.54,55.56
28-01-20 17:00,9336,9344.84,0.49,493.05,478.88,33.07,44.61
28-01-20 18:00,4637,4636.83,0.25,249.74,248.75,30.32,35.69
28-01-20 19:00,1050,1051.6,0.06,63.37,62.97,27.12,26.88
28-01-20 20:00,0,-79.12,0,-2.9,-3.1,24.52,21.89
28-01-20 21:00,0,-51.98,0,-3.31,-3.36,23.47,20.8
28-01-20 22:00,0,-52.32,0,-3.23,-3.25,22.56,20.04
28-01-20 23:00,0,-52.35,0,-3.06,-3.06,21.62,19.16
29-01-20 00:00,0,-52.11,0,-2.6,-2.9,21.07,18.52
29-01-20 01:00,0,-52.43,0,-2.57,-2.83,20.87,18.43
29-01-20 02:00,0,-51.44,0,-2.13,-2.29,20.52,18.34
29-01-20 03:00,0,-52.38,0,-2.13,-2.34,20.41,18.14
29-01-20 04:00,0,-51.52,0,-2.52,-2.76,20.05,17.65
29-01-20 05:00,0,-51.38,0,-2.24,-2.37,20.22,17.83
29-01-20 06:00,0,-51.08,0,-2.29,-2.7,20.28,17.86
29-01-20 07:00,0,-50.9,0,-2,-2.16,20.15,17.64
29-01-20 08:00,73,37.53,0.01,6.31,5.17,19.76,17.24
29-01-20 09:00,2375,2374.79,0.17,173.14,140.67,20.8,21
29-01-20 10:00,7423,7427.8,0.47,467.99,393.25,24.86,31.11
29-01-20 11:00,11632,11627.51,0.68,677.25,599.82,30.85,41.45
29-01-20 12:00,14865,14875.91,0.82,823.24,762.26,33.2,46.39
29-01-20 13:00,16821,16833.26,0.89,892.31,841.24,34.73,50.94
29-01-20 14:00,16993,16988.22,0.91,905.71,861.56,36.6,54.97
29-01-20 15:00,15819,15831.1,0.83,830.56,790.73,37.86,54.65
29-01-20 16:00,12818,12825.34,0.68,677.52,647.45,38.2,52.49
29-01-20 17:00,9400,9395.14,0.49,493.09,477.08,37.6,50.5
29-01-20 18:00,4736,4740.06,0.25,250.11,246.69,35.51,41.36
29-01-20 19:00,747,747.41,0.04,43.24,42.51,31.46,30.27
29-01-20 20:00,0,-82.02,0,-3.41,-3.71,28.03,24.85
29-01-20 21:00,0,-53.65,0,-3.52,-3.85,26.28,23.14
29-01-20 22:00,0,-53.59,0,-3.08,-3.1,25.73,22.72
29-01-20 23:00,0,-52.37,0,-2.98,-3.05,25.15,22.2
30-01-20 00:00,0,-52.35,0,-2.91,-3.07,24.81,21.32
30-01-20 01:00,0,-52.56,0,-3.22,-3.3,24.67,21.21
30-01-20 02:00,0,-52.38,0,-2.92,-2.67,24.92,21.72
30-01-20 03:00,0,-52.52,0,-3,-2.82,26.37,23.11
30-01-20 04:00,0,-52.54,0,-3,-3,27.17,23.94
30-01-20 05:00,0,-52.57,0,-3.24,-3.27,26.6,23.66
30-01-20 06:00,0,-52.45,0,-3,-2.93,26.19,23.38
30-01-20 07:00,0,-52.11,0,-3,-2.92,25.42,22.63
30-01-20 08:00,64,27.41,0.01,5.27,4.37,25.17,22.63
30-01-20 09:00,2353,2350.75,0.17,173.4,138.16,25.63,25.47
30-01-20 10:00,7441,7445.67,0.46,461.67,382.37,28.29,32.82
30-01-20 11:00,12233,12241.54,0.68,684.03,605.71,30.54,39.23
30-01-20 12:00,15333,15327.91,0.82,821.69,763.04,32.98,45.28
30-01-20 13:00,16712,16722.81,0.88,880.2,832.32,35.27,50.44
30-01-20 14:00,16989,17000.49,0.89,887.36,846.76,36.88,53.22
30-01-20 15:00,16058,16052.95,0.83,830.26,792.86,37.53,53.01
30-01-20 16:00,13859,13871.69,0.72,716.2,684.88,37.92,50.98
30-01-20 17:00,10498,10494,0.54,542.74,527.61,38.15,47.03
30-01-20 18:00,5847,5852.96,0.31,308.81,308.96,37.73,41.87
30-01-20 19:00,1212,1212.72,0.07,74.08,75.02,36.21,34.98
30-01-20 20:00,1,-83.3,0,-5.04,-5.39,31.89,27.47
30-01-20 21:00,0,-56.03,0,-4.23,-4.37,27.5,24.34
30-01-20 22:00,0,-56.21,0,-3.64,-3.81,25.75,22.73
30-01-20 23:00,0,-55.44,0,-2.8,-2.8,25.52,22.66
31-01-20 00:00,0,-55.26,0,-2.86,-2.85,25.51,22.83
31-01-20 01:00,0,-53.84,0,-2.67,-2.53,26.9,24.19
31-01-20 02:00,0,-54.03,0,-3.07,-3.07,27.16,24.32
31-01-20 03:00,0,-53.82,0,-3.14,-3.07,26.66,23.78
31-01-20 04:00,0,-53.83,0,-3,-2.91,26.84,24.28
31-01-20 05:00,0,-53.79,0,-3,-3,26.35,23.94
31-01-20 06:00,0,-53.02,0,-3,-2.96,25.78,23.34
31-01-20 07:00,0,-52.5,0,-3,-3,25.03,22.48
31-01-20 08:00,73,37.51,0.01,9.02,6.49,25.01,22.66
31-01-20 09:00,2771,2768.89,0.21,214.95,164.06,26.02,26.22
31-01-20 10:00,8040,8042.64,0.5,501.76,413.4,28.54,33.7
31-01-20 11:00,12498,12509.25,0.7,705.28,624.29,30.79,40.26
31-01-20 12:00,15625,15621.11,0.85,848.62,788.21,33.11,46.88
31-01-20 13:00,17572,17587.58,0.92,920.88,871.02,35.29,51.48
31-01-20 14:00,18048,18040.44,0.93,929.33,888.24,36.75,53.05
31-01-20 15:00,17033,17043.16,0.86,863.28,824.91,37.97,52.85
31-01-20 16:00,14807,14818.4,0.76,755.28,722.88,38.42,50.54
31-01-20 17:00,11279,11274.55,0.57,574.27,559.76,38.22,46.62
31-01-20 18:00,6388,6395.44,0.33,329.68,331.25,35.82,40.6
31-01-20 19:00,1545,1545.52,0.09,92.65,95,32.05,31.79
31-01-20 20:00,1,-80.98,0,-2.87,-3.04,28.05,25.62
31-01-20 21:00,0,-53.91,0,-3.09,-3.21,26.22,23.73
31-01-20 22:00,0,-53.61,0,-3,-3.12,25.35,22.75
31-01-20 23:00,0,-53.21,0,-3.02,-3.06,24.29,21.64
01-02-20 00:00,0,-52.61,0,-3.12,-3.36,23.44,20.58
